,item
0,Greenies Regular Dental Dog Treats
1,Greenies Teenie Dental Dog Treats
2,Greenies Large Dental Dog Treats
3,Greenies Petite Dental Dog Treats
4,"Authority® Dental & DHA Stick Puppy Treats Parsley Mint - Gluten Free, Grain Free"
5,"WHIMZEES Brushzees Dental Dog Treat - Natural, Grain Free, 1 Count"
6,Pedigree Dentastix Triple Action Dental Dog Treats - Variety Pack
7,Pedigree Dentastix Large Dog Treats
8,Pedigree Dentastix Large Dog Sticks
9,"Authority® Dental & DHA Rings Puppy Treats Parsley Mint - Gluten Free, Grain Free"
10,"WHIMZEES Veggie Sausage Dog Dental Treat - Natural, 1 Count"
11,Pedigree Dentastix Small/Medium Dog Sticks
12,Pedigree Dentastix Triple Action Small Dog Treats - Fresh
13,Greenies Teenie Dog Dental Treats - Blueberry
14,"WHIMZEES Variety Value Box Dental Dog Treat - Natural, Grain Free"
15,Virbac® C.E.T.® VeggieDent® Tartar Control Dog Chews
16,Yummy Combs® Ingenious Flossing Dog Dental Treat - 1 Count
17,Pedigree Dentastix Mini Dog Sticks
18,Pedigree Dentastix Large Dog Sticks
19,"Authority Dental & Multivitamin Large Dog Treats Parsley Mint - Gluten Free, Grain Free"
20,Ark Naturals® Brushless Toothpaste 4-in-1 Large Dog Dental Chews - 40+ lbs.
21,Ark Naturals® Brushless Toothpaste 4-in-1 Small Dog Dental Chews - 8-20 lbs.
22,"Authority Dental & Multivitamin Small Dog Treats Parsley Mint - Gluten Free, Grain Free"
23,"Authority® Dental & Multivitamin Medium Dog Treats Parsley Mint - Gluten Free, Grain Free"
24,Milk-Bone Brushing Chew Mini Dental Dog Treats
25,"Authority Dental & Multivitamin Parsley Mint Dog Treat Bites - Gluten Free, Grain Free"
26,Milk-Bone Brushing Chews Large Dental Dog Treats
27,Greenies Teenie Dental Dog Treats - Fresh
28,"WHIMZEES Hedgehog Dental Dog Treat - Natural, 1 Count"
29,Greenies Regular Dog Dental Treats - Blueberry
30,"WHIMZEES Alligator Dental Dog Treat - Natural, 1 Count"
31,Pedigree Dentastix Dual Flavor Mini Dental Dog Treats
32,Greenies Petite Dental Dog Treats - Blueberry
33,"WHIMZEES Stix Dental Dog Treat - Natural, 1 Count"
34,"WHIMZEES Brushzees Medium Dental Dog Treat - Natural, Grain Free"
35,"Authority® Dental & DHA Rings X-Small Puppy Treats Parsley Mint- Gluten Free, Grain Free"
